ID,Variable1,Variable2
1,-10.0,102.48357076505616
2,-7.777777777777778,59.8025056546379
3,-5.555555555555555,34.10264022136766
4,-3.333333333333333,18.726260393151236
5,-1.1111111111111107,0.06380102761788708
6,1.1111111111111107,0.06388311648866418
7,3.333333333333334,19.00717518864807
8,5.555555555555557,34.701371176628754
9,7.777777777777779,58.14645523081908
10,10.0,102.71280021792982
